ID,Region,County,Sub County,UIC,KNEC,School Name,Cluster,Type,Disability Type,Accommodation,Gender
1,RIFT VALLEY,BARINGO,BARINGO CENTRAL,7J98,33517209,UASINGISHU,C3,PUBLIC,NONE,BOARDING,GIRLS
2,RIFT VALLEY,BARINGO,BARINGO CENTRAL,GMUY,33517103,UASINGISHU,C3,PUBLIC,NONE,BOARDING,MIXED
11,RIFT VALLEY,BARINGO,BARINGO CENTRAL,TM99,33517207,UASINGISHU,C3,PUBLIC,NONE,BOARDING,MIXED
14,RIFT VALLEY,BARINGO,BARINGO CENTRAL,8WY3,33517202,KAPROPITA  GIRLS  HIGH SCHOOL,C1,PUBLIC,NONE,BOARDING,GIRLS
27,RIFT VALLEY,BARINGO,BARINGO CENTRAL,GSC2,33517203,KITURO HIGH SCHOOL,C2,PUBLIC,NONE,BOARDING,MIXED
28,RIFT VALLEY,BARINGO,BARINGO CENTRAL,K6P9,33517206,UASINGISHU,C3,PUBLIC,NONE,BOARDING,GIRLS
31,RIFT VALLEY,BARINGO,BARINGO CENTRAL,3PYX,33517205,PEMWAI GIRLS' SECONDARY SCHOOL,C2,PUBLIC,NONE,BOARDING,GIRLS
33,RIFT VALLEY,BARINGO,BARINGO CENTRAL,FMQL,33517106,UASINGISHU,C3,PUBLIC,NONE,BOARDING,GIRLS
38,RIFT VALLEY,BARINGO,BARINGO CENTRAL,RWU6,33517104,TABAGON GIRLS' SECONDARY SCHOOL,C2,PUBLIC,NONE,BOARDING,GIRLS
39,RIFT VALLEY,BARINGO,BARINGO CENTRAL,CLM9,33517204,UASINGISHU,C3,PUBLIC,NONE,BOARDING,MIXED
45,RIFT VALLEY,BARINGO,BARINGO NORTH,VQG4,33547205,UASINGISHU,C3,PUBLIC,NONE,BOARDING,MIXED
51,RIFT VALLEY,BARINGO,BARINGO NORTH,7DJ9,33547105,UASINGISHU,C3,PUBLIC,NONE,BOARDING,MIXED
54,RIFT VALLEY,BARINGO,BARINGO NORTH,5UF9,33547404,UASINGISHU,C3,PUBLIC,NONE,BOARDING,MIXED
55,RIFT VALLEY,BARINGO,BARINGO NORTH,STST,33547102,UASINGISHU,C3,PUBLIC,NONE,BOARDING,GIRLS
57,RIFT VALLEY,BARINGO,BARINGO NORTH,WJCP,33547406,UASINGISHU,C3,PUBLIC,NONE,BOARDING,MIXED
61,RIFT VALLEY,BARINGO,BARINGO NORTH,2ZKJ,33547110,UASINGISHU,C3,PUBLIC,NONE,BOARDING,MIXED
69,RIFT VALLEY,BARINGO,BARINGO NORTH,2V5E,33500019,OSSEN SECONDARY SCHOOL,C1,PUBLIC,NONE,BOARDING,GIRLS
70,RIFT VALLEY,BARINGO,BARINGO NORTH,G4AY,33547203,UASINGISHU,C3,PUBLIC,NONE,BOARDING,MIXED
71,RIFT VALLEY,BARINGO,BARINGO NORTH,9M8T,33547202,RUTH KIPTUI GIRLS HIGH SCHOOL-KASOK,C2,PUBLIC,NONE,BOARDING,GIRLS
73,RIFT VALLEY,BARINGO,BARINGO NORTH,AALA,33547107,UASINGISHU,C3,PUBLIC,NONE,BOARDING,GIRLS
92,RIFT VALLEY,BARINGO,KOIBATEK,PYUM,33521104,UASINGISHU,C3,PUBLIC,NONE,BOARDING,GIRLS
96,RIFT VALLEY,BARINGO,KOIBATEK,U3K5,33521101,MERCY GIRLS HIGH SCHOOL - ELDAMA RAVINE,C2,PUBLIC,NONE,BOARDING,GIRLS
98,RIFT VALLEY,BARINGO,KOIBATEK,T5Q4,33521203,UASINGISHU,C3,PUBLIC,NONE,BOARDING,GIRLS
102,RIFT VALLEY,BARINGO,KOIBATEK,K9H6,33521107,UASINGISHU,C3,PUBLIC,NONE,BOARDING,MIXED
108,RIFT VALLEY,BARINGO,KOIBATEK,93KE,33521105,SOLIAN GIRLS HIGH SCHOOL,C2,PUBLIC,NONE,BOARDING,GIRLS
113,RIFT VALLEY,BARINGO,KOIBATEK,WGF5,33521202,UASINGISHU,C3,PUBLIC,NONE,BOARDING,MIXED
117,RIFT VALLEY,BARINGO,KOIBATEK,XXE8,33521109,TONIOK GIRLS SECONDARY SCHOOL,C2,PUBLIC,NONE,BOARDING,GIRLS
118,RIFT VALLEY,BARINGO,KOIBATEK,CKE5,33521201,UASINGISHU,C3,PUBLIC,NONE,BOARDING,GIRLS
121,RIFT VALLEY,BARINGO,KOIBATEK,RDX7,33521123,UASINGISHU,C3,PUBLIC,NONE,BOARDING,MIXED
131,RIFT VALLEY,BARINGO,MARIGAT,JSL3,33558103,UASINGISHU,C3,PUBLIC,NONE,BOARDING,MIXED
133,RIFT VALLEY,BARINGO,MARIGAT,5CH5,33558104,UASINGISHU,C3,PUBLIC,NONE,BOARDING,GIRLS
139,RIFT VALLEY,BARINGO,MARIGAT,T6UE,33558201,UASINGISHU,C3,PUBLIC,NONE,BOARDING,MIXED
141,RIFT VALLEY,BARINGO,MARIGAT,AJ9B,33558102,UASINGISHU,C3,PUBLIC,NONE,BOARDING,GIRLS
160,RIFT VALLEY,BARINGO,MOGOTIO,F3VU,33562303,KIMNGOROM GIRLS HIGH SCHOOL,C2,PUBLIC,NONE,BOARDING,GIRLS
164,RIFT VALLEY,BARINGO,MOGOTIO,GF4M,33562108,UASINGISHU,C3,PUBLIC,NONE,BOARDING,MIXED
169,RIFT VALLEY,BARINGO,MOGOTIO,FKBK,33562103,UASINGISHU,C3,PUBLIC,NONE,BOARDING,MIXED
170,RIFT VALLEY,BARINGO,MOGOTIO,2FGK,33562101,MOGOTIO GIRLS' HIGH SCHOOL,C2,PUBLIC,NONE,BOARDING,GIRLS
172,RIFT VALLEY,BARINGO,MOGOTIO,VAZU,33562102,UASINGISHU,C3,PUBLIC,NONE,BOARDING,MIXED
181,RIFT VALLEY,BARINGO,MOGOTIO,YDA7,33562202,UASINGISHU,C3,PUBLIC,NONE,BOARDING,GIRLS
188,RIFT VALLEY,BARINGO,TIATY EAST,GNKV,33584004,UASINGISHU,C3,PUBLIC,NONE,BOARDING,GIRLS
192,RIFT VALLEY,BARINGO,TIATY EAST,4X9V,33584003,UASINGISHU,C3,PUBLIC,NONE,BOARDING,GIRLS
195,RIFT VALLEY,BARINGO,TIATY EAST,AD9C,33584002,UASINGISHU,C3,PUBLIC,NONE,BOARDING,MIXED
196,RIFT VALLEY,BARINGO,TIATY WEST,UHVZ,33532105,UASINGISHU,C3,PUBLIC,NONE,BOARDING,MIXED
201,RIFT VALLEY,BARINGO,TIATY WEST,QVBA,33532108,UASINGISHU,C3,PUBLIC,NONE,BOARDING,MIXED
203,RIFT VALLEY,BARINGO,TIATY WEST,AR7R,33532106,UASINGISHU,C3,PUBLIC,NONE,BOARDING,MIXED
210,RIFT VALLEY,BOMET,BOMET CENTRAL,PTYM,25508123,UASINGISHU,C3,PUBLIC,NONE,BOARDING,GIRLS
224,RIFT VALLEY,BOMET,BOMET CENTRAL,UN4B,25508106,UASINGISHU,C3,PUBLIC,NONE,BOARDING,GIRLS
240,RIFT VALLEY,BOMET,BOMET CENTRAL,8BBC,25508103,UASINGISHU,C3,PUBLIC,NONE,BOARDING,GIRLS
277,RIFT VALLEY,BOMET,BOMET EAST,EF7Q,25583118,UASINGISHU,C3,PUBLIC,NONE,BOARDING,Mixed
280,RIFT VALLEY,BOMET,BOMET EAST,R32S,25583137,UASINGISHU,C3,PUBLIC,NONE,BOARDING,Mixed
288,RIFT VALLEY,BOMET,BOMET EAST,Y68D,25583122,UASINGISHU,C3,PUBLIC,NONE,BOARDING,Mixed
293,RIFT VALLEY,BOMET,BOMET EAST,VGXV,25583145,UASINGISHU,C3,PUBLIC,NONE,BOARDING,GIRLS
301,RIFT VALLEY,BOMET,BOMET EAST,RE3Y,25583126,UASINGISHU,C3,PUBLIC,NONE,BOARDING,GIRLS
309,RIFT VALLEY,BOMET,CHEPALUNGU,AT8K,25551237,UASINGISHU,C3,PUBLIC,NONE,BOARDING,GIRLS
325,RIFT VALLEY,BOMET,CHEPALUNGU,2V9P,25551101,KABOSON GIRLS SECONDARY SCHOOL,C2,PUBLIC,NONE,BOARDING,GIRLS
357,RIFT VALLEY,BOMET,CHEPALUNGU,VZT6,25551204,UASINGISHU,C3,PUBLIC,NONE,BOARDING,GIRLS
360,RIFT VALLEY,BOMET,CHEPALUNGU,AW3P,25551205,UASINGISHU,C3,PUBLIC,NONE,BOARDING,GIRLS
361,RIFT VALLEY,BOMET,CHEPALUNGU,5NH8,25551207,MOI SIONGIROI GIRLS' SECONDARY SCHOOL,C1,PUBLIC,NONE,BOARDING,GIRLS
367,RIFT VALLEY,BOMET,CHEPALUNGU,R9Z6,25551210,UASINGISHU,C3,PUBLIC,NONE,BOARDING,GIRLS
393,RIFT VALLEY,BOMET,KONOIN,KXDT,25563202,UASINGISHU,C3,PUBLIC,NONE,BOARDING,GIRLS
423,RIFT VALLEY,BOMET,KONOIN,REND,25563104,UASINGISHU,C3,PUBLIC,NONE,BOARDING,GIRLS
424,RIFT VALLEY,BOMET,KONOIN,5G3R,25563101,SASETA GIRLS' SECONDARY SCHOOL,C2,PUBLIC,NONE,BOARDING,GIRLS
431,RIFT VALLEY,BOMET,KONOIN,GGQ2,25563106,UASINGISHU,C3,PUBLIC,NONE,BOARDING,GIRLS
432,RIFT VALLEY,BOMET,KONOIN,D6A3,25563303,UASINGISHU,C3,PUBLIC,NONE,BOARDING,GIRLS
446,RIFT VALLEY,BOMET,SOTIK,NJXR,25533107,UASINGISHU,C3,PUBLIC,NONE,BOARDING,GIRLS
448,RIFT VALLEY,BOMET,SOTIK,HJ8V,25533214,UASINGISHU,C3,PUBLIC,NONE,BOARDING,GIRLS
449,RIFT VALLEY,BOMET,SOTIK,SBD3,25533202,UASINGISHU,C3,PUBLIC,NONE,BOARDING,Mixed
454,RIFT VALLEY,BOMET,SOTIK,QQHF,25533108,UASINGISHU,C3,PUBLIC,NONE,BOARDING,Mixed
465,RIFT VALLEY,BOMET,SOTIK,X59Z,25533121,UASINGISHU,C3,PUBLIC,NONE,BOARDING,Mixed
467,RIFT VALLEY,BOMET,SOTIK,2YKS,25500019,KAPLONG GIRLS SECONDARY SCHOOL,C1,PUBLIC,NONE,BOARDING,GIRLS
480,RIFT VALLEY,BOMET,SOTIK,ZJQH,25533126,LORNA LABOSO MEMORIAL GIRLS,C2,PUBLIC,NONE,BOARDING,GIRLS
485,RIFT VALLEY,BOMET,SOTIK,963H,25533203,NDANAI SECONDARY SCHOOL,C2,PUBLIC,NONE,BOARDING,GIRLS
495,RIFT VALLEY,BOMET,SOTIK,WA7V,25533120,ST. KIZITO SECONDARY SCHOOL FOR THE HEARING IMPAIR,C1,PUBLIC,HI,BOARDING,GIRLS
498,RIFT VALLEY,BOMET,SOTIK,MDDA,25533113,UASINGISHU,C3,PUBLIC,NONE,BOARDING,GIRLS
1047,RIFT VALLEY,ELGEYO MARAKW,KEIYO NORTH,4RG5,34518402,AIC GIRLS SECONDARY SCHOOL KESSUP,C2,PUBLIC,NONE,BOARDING,GIRLS
1048,RIFT VALLEY,ELGEYO MARAKW,KEIYO NORTH,PR3F,34518403,UASINGISHU,C3,PUBLIC,NONE,BOARDING,GIRLS
1058,RIFT VALLEY,ELGEYO MARAKW,KEIYO NORTH,Y65X,34518404,UASINGISHU,C3,PUBLIC,NONE,BOARDING,Mixed
1060,RIFT VALLEY,ELGEYO MARAKW,KEIYO NORTH,4G7W,34518408,UASINGISHU,C3,PUBLIC,NONE,BOARDING,Mixed
1065,RIFT VALLEY,ELGEYO MARAKW,KEIYO NORTH,2YBM,34518102,SING'ORE GIRLS SECONDARY SCHOOL,C2,PUBLIC,NONE,BOARDING,GIRLS
1072,RIFT VALLEY,ELGEYO MARAKW,KEIYO NORTH,FTVM,34518405,UASINGISHU,C3,PUBLIC,NONE,BOARDING,Mixed
1073,RIFT VALLEY,ELGEYO MARAKW,KEIYO NORTH,KRF7,34518103,UASINGISHU,C3,PUBLIC,NONE,BOARDING,GIRLS
1076,RIFT VALLEY,ELGEYO MARAKW,KEIYO SOUTH,KSXD,34559301,UASINGISHU,C3,PUBLIC,NONE,BOARDING,GIRLS
1077,RIFT VALLEY,ELGEYO MARAKW,KEIYO SOUTH,WCEN,34559209,UASINGISHU,C3,PUBLIC,NONE,BOARDING,Mixed
1079,RIFT VALLEY,ELGEYO MARAKW,KEIYO SOUTH,GBU5,34559205,UASINGISHU,C3,PUBLIC,NONE,BOARDING,Mixed
1084,RIFT VALLEY,ELGEYO MARAKW,KEIYO SOUTH,33UJ,34559306,UASINGISHU,C3,PUBLIC,NONE,BOARDING,Mixed
1088,RIFT VALLEY,ELGEYO MARAKW,KEIYO SOUTH,PKW7,34559201,KAPKENDA GIRLS,C2,PUBLIC,NONE,BOARDING,GIRLS
1089,RIFT VALLEY,ELGEYO MARAKW,KEIYO SOUTH,MC2T,34559504,UASINGISHU,C3,PUBLIC,NONE,BOARDING,GIRLS
1099,RIFT VALLEY,ELGEYO MARAKW,KEIYO SOUTH,FNHB,34559210,UASINGISHU,C3,PUBLIC,NONE,BOARDING,Mixed
1102,RIFT VALLEY,ELGEYO MARAKW,KEIYO SOUTH,GMC2,34559505,UASINGISHU,C3,PUBLIC,NONE,BOARDING,Mixed
1105,RIFT VALLEY,ELGEYO MARAKW,KEIYO SOUTH,XC3A,34559206,UASINGISHU,C3,PUBLIC,NONE,BOARDING,Mixed
1108,RIFT VALLEY,ELGEYO MARAKW,KEIYO SOUTH,MQUJ,34559502,METKEI GIRLS SECONDARY,C1,PUBLIC,NONE,BOARDING,GIRLS
1109,RIFT VALLEY,ELGEYO MARAKW,KEIYO SOUTH,C83M,34559204,MOKWO GIRLS SECONDARY SCHOOL,C2,PUBLIC,NONE,BOARDING,GIRLS
1111,RIFT VALLEY,ELGEYO MARAKW,KEIYO SOUTH,MSM9,34559208,OUR LADY OF GLORY KAPTAGAT GIRLS HIGH SCHOOL,C2,PUBLIC,NONE,BOARDING,GIRLS
1115,RIFT VALLEY,ELGEYO MARAKW,KEIYO SOUTH,H8DC,34559207,UASINGISHU,C3,PUBLIC,NONE,BOARDING,GIRLS
1124,RIFT VALLEY,ELGEYO MARAKW,MARAKWET EAST,AYZM,34561202,UASINGISHU,C3,PUBLIC,NONE,BOARDING,Mixed
1135,RIFT VALLEY,ELGEYO MARAKW,MARAKWET EAST,D95X,34561301,SAMBIRIR GIRLS SECONDARY SCHOOL,C2,PUBLIC,NONE,BOARDING,GIRLS
1144,RIFT VALLEY,ELGEYO MARAKW,MARAKWET EAST,AYCC,34561102,UASINGISHU,C3,PUBLIC,NONE,BOARDING,GIRLS
1149,RIFT VALLEY,ELGEYO MARAKW,MARAKWET WEST,SML9,34520107,UASINGISHU,C3,PUBLIC,NONE,BOARDING,GIRLS
1152,RIFT VALLEY,ELGEYO MARAKW,MARAKWET WEST,769R,34520304,UASINGISHU,C3,PUBLIC,NONE,BOARDING,GIRLS
1164,RIFT VALLEY,ELGEYO MARAKW,MARAKWET WEST,EGWH,34520106,UASINGISHU,C3,PUBLIC,NONE,BOARDING,GIRLS
1169,RIFT VALLEY,ELGEYO MARAKW,MARAKWET WEST,X76M,34520306,UASINGISHU,C3,PUBLIC,NONE,BOARDING,GIRLS
1170,RIFT VALLEY,ELGEYO MARAKW,MARAKWET WEST,2RPN,34500017,MOI KAPSOWAR GIRLS,C1,PUBLIC,NONE,BOARDING,GIRLS
1172,RIFT VALLEY,ELGEYO MARAKW,MARAKWET WEST,JJ7M,34520104,SANTA MARIA GIRLS SECONDARY SCHOOL,C2,PUBLIC,NONE,BOARDING,GIRLS
1181,RIFT VALLEY,ELGEYO MARAKW,MARAKWET WEST,VYBL,34520203,UASINGISHU,C3,PUBLIC,NONE,BOARDING,GIRLS
1183,RIFT VALLEY,ELGEYO MARAKW,MARAKWET WEST,GLR3,34520305,UASINGISHU,C3,PUBLIC,NONE,BOARDING,Mixed
1187,RIFT VALLEY,ELGEYO MARAKW,MARAKWET WEST,R3L4,34520109,YEMIT GIRLS' SECONDARY SCHOOL,C2,PUBLIC,NONE,BOARDING,GIRLS
1797,RIFT VALLEY,KAJIADO,ELANGATA WUAS,3H7W,31573303,UASINGISHU,C3,PUBLIC,NONE,BOARDING,GIRLS
1798,RIFT VALLEY,KAJIADO,ELANGATA WUAS,BB52,31573401,UASINGISHU,C3,PUBLIC,NONE,BOARDING,GIRLS
1801,RIFT VALLEY,KAJIADO,ELANGATA WUAS,9DXC,31573302,UASINGISHU,C3,PUBLIC,NONE,BOARDING,Mixed
1809,RIFT VALLEY,KAJIADO,ISINYA,L9AA,31567102,UASINGISHU,C3,PUBLIC,NONE,BOARDING,GIRLS
1811,RIFT VALLEY,KAJIADO,ISINYA,VKMC,31500011,MOI GIRLS ISINYA,C1,PUBLIC,NONE,BOARDING,GIRLS
1812,RIFT VALLEY,KAJIADO,ISINYA,B7C7,31567201,NOONKOPIR GIRLS SECONDARY SCHOOL,C1,PUBLIC,NONE,BOARDING,GIRLS
1817,RIFT VALLEY,KAJIADO,KAJIADO CENTRAL,BTV9,3151515,UASINGISHU,C3,PUBLIC,NONE,BOARDING,Mixed
1825,RIFT VALLEY,KAJIADO,KAJIADO CENTRAL,4BUC,31515105,UASINGISHU,C3,PUBLIC,NONE,BOARDING,GIRLS
1830,RIFT VALLEY,KAJIADO,KAJIADO NORTH,B76R,31557204,ENOOMATASIANI GIRLS SECONDARY SCHOOL,C2,PUBLIC,NONE,BOARDING,GIRLS
1843,RIFT VALLEY,KAJIADO,KAJIADO WEST,QY38,31573202,UASINGISHU,C3,PUBLIC,NONE,BOARDING,GIRLS
1846,RIFT VALLEY,KAJIADO,KAJIADO WEST,C8LS,31573205,UASINGISHU,C3,PUBLIC,NONE,BOARDING,Mixed
1853,RIFT VALLEY,KAJIADO,KAJIADO WEST,NZYV,3157214,UASINGISHU,C3,PUBLIC,NONE,BOARDING,Mixed
1854,RIFT VALLEY,KAJIADO,KAJIADO WEST,J3XU,31573106,OLOOSEOS GIRLS' SECONDARY SCHOOL,C2,PUBLIC,NONE,BOARDING,GIRLS
1855,RIFT VALLEY,KAJIADO,KAJIADO WEST,NAB7,31573113,UASINGISHU,C3,PUBLIC,NONE,BOARDING,GIRLS
1858,RIFT VALLEY,KAJIADO,KAJIADO WEST,AJZB,31573204,UASINGISHU,C3,PUBLIC,NONE,BOARDING,GIRLS
1859,RIFT VALLEY,KAJIADO,KAJIADO WEST,K5MH,31573101,ST. BRIGID BARAKA OONTOYIE SECONDARY SCHOOL,C2,PUBLIC,NONE,BOARDING,GIRLS
1870,RIFT VALLEY,KAJIADO,LOITOKITOK,A3B6,31545301,UASINGISHU,C3,PUBLIC,NONE,BOARDING,GIRLS
1874,RIFT VALLEY,KAJIADO,LOITOKITOK,GEU7,31545307,UASINGISHU,C3,PUBLIC,NONE,BOARDING,Mixed
1880,RIFT VALLEY,KAJIADO,LOITOKITOK,E7U8,31545205,UASINGISHU,C3,PUBLIC,NONE,BOARDING,GIRLS
1881,RIFT VALLEY,KAJIADO,LOITOKITOK,EGSB,31545107,UASINGISHU,C3,PUBLIC,NONE,BOARDING,GIRLS
1882,RIFT VALLEY,KAJIADO,MASHURU,2P4W,31566201,UASINGISHU,C3,PUBLIC,NONE,BOARDING,GIRLS
1889,RIFT VALLEY,KAJIADO,MASHURU,NB88,31566206,UASINGISHU,C3,PUBLIC,NONE,BOARDING,Mixed
1890,RIFT VALLEY,KAJIADO,OLOILILAI,UTAV,31590404,UASINGISHU,C3,PUBLIC,NONE,BOARDING,GIRLS
1895,RIFT VALLEY,KAJIADO,OLOILILAI,TLDP,31590407,UASINGISHU,C3,PUBLIC,NONE,BOARDING,Mixed
1897,RIFT VALLEY,KAJIADO,OLOILILAI,WW2C,31590409,UASINGISHU,C3,PUBLIC,NONE,BOARDING,Mixed
1898,RIFT VALLEY,KAJIADO,OLOILILAI,6NSN,31590411,UASINGISHU,C3,PUBLIC,NONE,BOARDING,GIRLS
2344,RIFT VALLEY,KERICHO,BELGUT,KDS3,28553113,CHEPKOTON GIRLS SECONDARY SCHOOL,C2,PUBLIC,NONE,BOARDING,GIRLS
2351,RIFT VALLEY,KERICHO,BELGUT,9CWG,28553204,UASINGISHU,C3,PUBLIC,NONE,BOARDING,GIRLS
2353,RIFT VALLEY,KERICHO,BELGUT,J6ZD,28553104,KABOROK GIRLS HIGH SCHOOL,C2,PUBLIC,NONE,BOARDING,GIRLS
2360,RIFT VALLEY,KERICHO,BELGUT,D99V,28553114,UASINGISHU,C3,PUBLIC,NONE,BOARDING,GIRLS
2362,RIFT VALLEY,KERICHO,BELGUT,P2ND,28553212,UASINGISHU,C3,PUBLIC,NONE,BOARDING,GIRLS
2365,RIFT VALLEY,KERICHO,BELGUT,WX9P,28553208,UASINGISHU,C3,PUBLIC,NONE,BOARDING,GIRLS
2368,RIFT VALLEY,KERICHO,BELGUT,F87S,28553103,SOSIOT GIRLS' SECONDARY SCHOOL,C2,PUBLIC,NONE,BOARDING,GIRLS
2370,RIFT VALLEY,KERICHO,BURETI,UTE8,28522520,A.I.C LITEIN GIRLS SECONDARY S CHOOL,C1,PUBLIC,NONE,BOARDING,GIRLS
2372,RIFT VALLEY,KERICHO,BURETI,PV3G,28522540,UASINGISHU,C3,PUBLIC,NONE,BOARDING,GIRLS
2376,RIFT VALLEY,KERICHO,BURETI,UFNQ,28522511,CHEBORGE GIRLS SECONDARY SCHOOL,C2,PUBLIC,NONE,BOARDING,GIRLS
2378,RIFT VALLEY,KERICHO,BURETI,JE97,28522515,CHELILIS GIRLS SECONDARY SCHOOL,C2,PUBLIC,NONE,BOARDING,GIRLS
2384,RIFT VALLEY,KERICHO,BURETI,J9EJ,28522548,UASINGISHU,C3,PUBLIC,NONE,BOARDING,Mixed
2396,RIFT VALLEY,KERICHO,BURETI,4HNH,28522404,UASINGISHU,C3,PUBLIC,NONE,BOARDING,GIRLS
2405,RIFT VALLEY,KERICHO,BURETI,QTZU,28522535,KIPTEWIT GIRLS HIGH SCHOOL,C2,PUBLIC,NONE,BOARDING,GIRLS
2408,RIFT VALLEY,KERICHO,BURETI,8CMX,28522512,KORONGOI GIRLS' SECONDARY,C2,PUBLIC,NONE,BOARDING,GIRLS
2418,RIFT VALLEY,KERICHO,BURETI,LQHW,28522518,UASINGISHU,C3,PUBLIC,NONE,BOARDING,GIRLS
2426,RIFT VALLEY,KERICHO,BURETI,X39R,28522502,UASINGISHU,C3,PUBLIC,NONE,BOARDING,GIRLS
2427,RIFT VALLEY,KERICHO,BURETI,L8TT,28522547,UASINGISHU,C3,PUBLIC,NONE,BOARDING,Mixed
2428,RIFT VALLEY,KERICHO,BURETI,9398,28522542,ST.PAUL'S CHARERA SPECIAL HIGH SCHOOL,C1,PUBLIC,P.H,BOARDING,Mixed
2430,RIFT VALLEY,KERICHO,BURETI,NAKY,28522509,TENGECHA GIRLS  SECONDARY SCHOOL,C1,PUBLIC,NONE,BOARDING,GIRLS
2434,RIFT VALLEY,KERICHO,KERICHO,VCZW,28512126,UASINGISHU,C3,PUBLIC,NONE,BOARDING,GIRLS
2438,RIFT VALLEY,KERICHO,KERICHO,M5WP,28512105,UASINGISHU,C3,PUBLIC,NONE,BOARDING,Mixed
2447,RIFT VALLEY,KERICHO,KERICHO,FD8D,28512107,UASINGISHU,C3,PUBLIC,NONE,BOARDING,GIRLS
2454,RIFT VALLEY,KERICHO,KERICHO,4MUM,28512106,UASINGISHU,C3,PUBLIC,NONE,BOARDING,Mixed
2455,RIFT VALLEY,KERICHO,KERICHO,PE9Q,28500005,KIPSIGIS GIRLS' HIGH SCHOOL,C1,PUBLIC,VI,BOARDING,GIRLS
2461,RIFT VALLEY,KERICHO,KERICHO,FLFQ,28512112,MOI TEA GIRLS SECONDARY SCHOOL,C1,PUBLIC,NONE,BOARDING,GIRLS
2464,RIFT VALLEY,KERICHO,KERICHO,V53B,28512120,UASINGISHU,C3,PUBLIC,NONE,BOARDING,GIRLS
2466,RIFT VALLEY,KERICHO,KIPKELION,37Z3,28539103,UASINGISHU,C3,PUBLIC,NONE,BOARDING,Mixed
2470,RIFT VALLEY,KERICHO,KIPKELION,XED8,28539301,UASINGISHU,C3,PUBLIC,NONE,BOARDING,Mixed
2479,RIFT VALLEY,KERICHO,KIPKELION,W4KX,28539105,KIPKELION GIRLS' HIGH,C2,PUBLIC,NONE,BOARDING,GIRLS
2482,RIFT VALLEY,KERICHO,KIPKELION,7AJF,28539304,UASINGISHU,C3,PUBLIC,NONE,BOARDING,GIRLS
2487,RIFT VALLEY,KERICHO,KIPKELION,33UP,28539202,LELU SECONDARY SCHOOL,C2,PUBLIC,NONE,BOARDING,Mixed
2492,RIFT VALLEY,KERICHO,KIPKELION,3P23,28539305,UASINGISHU,C3,PUBLIC,NONE,BOARDING,GIRLS
2505,RIFT VALLEY,KERICHO,LONDIANI,26SZ,28571405,UASINGISHU,C3,PUBLIC,NONE,BOARDING,Mixed
2506,RIFT VALLEY,KERICHO,LONDIANI,DDB8,28571604,UASINGISHU,C3,PUBLIC,NONE,BOARDING,Mixed
2511,RIFT VALLEY,KERICHO,LONDIANI,D7MN,28571509,UASINGISHU,C3,PUBLIC,NONE,BOARDING,Mixed
2512,RIFT VALLEY,KERICHO,LONDIANI,56XC,28571601,UASINGISHU,C3,PUBLIC,NONE,BOARDING,MIXED
2514,RIFT VALLEY,KERICHO,LONDIANI,PZFG,28571503,UASINGISHU,C3,PUBLIC,NONE,BOARDING,GIRLS
2518,RIFT VALLEY,KERICHO,LONDIANI,WQ3D,28571301,UASINGISHU,C3,PUBLIC,NONE,BOARDING,Mixed
2523,RIFT VALLEY,KERICHO,LONDIANI,FMRV,28571103,UASINGISHU,C3,PUBLIC,NONE,BOARDING,GIRLS
2525,RIFT VALLEY,KERICHO,LONDIANI,88DR,28571104,KEDOWA SPECIAL SECONDARY SCHOOL,C1,PUBLIC,HI,BOARDING,Mixed
2534,RIFT VALLEY,KERICHO,LONDIANI,985L,28571202,LONDIANI GIRLS SECONDARY SCHOOL,C2,PUBLIC,NONE,BOARDING,GIRLS
2540,RIFT VALLEY,KERICHO,LONDIANI,ZXXH,28571203,SACRED HILL GIRLS,C2,PUBLIC,NONE,BOARDING,GIRLS
2552,RIFT VALLEY,KERICHO,SOIN SIGOWET,BDLE,28575109,UASINGISHU,C3,PUBLIC,NONE,BOARDING,GIRLS
2565,RIFT VALLEY,KERICHO,SOIN SIGOWET,FQUP,28575107,UASINGISHU,C3,PUBLIC,NONE,BOARDING,Mixed
2574,RIFT VALLEY,KERICHO,SOIN SIGOWET,BQMU,28575101,UASINGISHU,C3,PUBLIC,NONE,BOARDING,Mixed
2577,RIFT VALLEY,KERICHO,SOIN SIGOWET,P59L,28575204,MOI KIPSITET GIRLS SECONDARY SCHOOL,C2,PUBLIC,NONE,BOARDING,GIRLS
2579,RIFT VALLEY,KERICHO,SOIN SIGOWET,2TMR,28575104,UASINGISHU,C3,PUBLIC,NONE,BOARDING,Mixed
2582,RIFT VALLEY,KERICHO,SOIN SIGOWET,QCVN,28575103,UASINGISHU,C3,PUBLIC,NONE,BOARDING,Mixed
2585,RIFT VALLEY,KERICHO,SOIN SIGOWET,SY2G,28575105,UASINGISHU,C3,PUBLIC,NONE,BOARDING,Mixed
4395,RIFT VALLEY,LAIKIPIA,KIRIMA,WP2S,30586203,NJORUA HIGH SCHOOL,C2,PUBLIC,NONE,BOARDING,GIRLS
4405,RIFT VALLEY,LAIKIPIA,LAIKIPIA CENTRAL,KKQ7,30555102,UASINGISHU,C3,PUBLIC,NONE,BOARDING,GIRLS
4411,RIFT VALLEY,LAIKIPIA,LAIKIPIA CENTRAL,D5PB,30555103,UASINGISHU,C3,PUBLIC,NONE,BOARDING,GIRLS
4418,RIFT VALLEY,LAIKIPIA,LAIKIPIA CENTRAL,SGB6,30555303,UASINGISHU,C3,PUBLIC,NONE,BOARDING,GIRLS
4423,RIFT VALLEY,LAIKIPIA,LAIKIPIA CENTRAL,E6FV,30555201,UASINGISHU,C3,PUBLIC,NONE,BOARDING,Mixed
4426,RIFT VALLEY,LAIKIPIA,LAIKIPIA CENTRAL,3PKY,30555104,UASINGISHU,C3,PUBLIC,NONE,BOARDING,GIRLS
4435,RIFT VALLEY,LAIKIPIA,LAIKIPIA EAST,ZVER,30514107,UASINGISHU,C3,PUBLIC,NONE,BOARDING,Mixed
4437,RIFT VALLEY,LAIKIPIA,LAIKIPIA EAST,FL9G,30514209,UASINGISHU,C3,PUBLIC,NONE,BOARDING,GIRLS
4440,RIFT VALLEY,LAIKIPIA,LAIKIPIA EAST,PLKV,30514106,LOISE NANYUKI GIRLS' SECONDARY SCHOOL,C2,PUBLIC,NONE,BOARDING,GIRLS
4453,RIFT VALLEY,LAIKIPIA,LAIKIPIA EAST,X668,30514104,ST JUDE NTURUKUMA SECONDARY SCHOOL,C2,PUBLIC,NONE,BOARDING,GIRLS
4459,RIFT VALLEY,LAIKIPIA,LAIKIPIA NORTH,HXJS,30543103,UASINGISHU,C3,PUBLIC,NONE,BOARDING,Mixed
4462,RIFT VALLEY,LAIKIPIA,LAIKIPIA NORTH,EMAD,30543105,UASINGISHU,C3,PUBLIC,NONE,BOARDING,Mixed
4463,RIFT VALLEY,LAIKIPIA,LAIKIPIA NORTH,GM6G,30543102,ST FRANCIS GIRLS SECONDARY SCHOOL,C2,PUBLIC,NONE,BOARDING,GIRLS
4477,RIFT VALLEY,LAIKIPIA,LAIKIPIA WEST,V2D5,30544202,UASINGISHU,C3,PUBLIC,NONE,BOARDING,GIRLS
4488,RIFT VALLEY,LAIKIPIA,NYAHURURU,RDGW,30556101,GATERO GIRLS HIGH SCHOOL,C1,PUBLIC,NONE,BOARDING,GIRLS
4492,RIFT VALLEY,LAIKIPIA,NYAHURURU,7LKZ,30556305,UASINGISHU,C3,PUBLIC,NONE,BOARDING,Mixed
4496,RIFT VALLEY,LAIKIPIA,NYAHURURU,68G9,30556102,UASINGISHU,C3,PUBLIC,NONE,BOARDING,Mixed
4500,RIFT VALLEY,LAIKIPIA,NYAHURURU,ATPY,30556303,NDURURI SECONDARY SCHOOL,C2,PUBLIC,NONE,BOARDING,Mixed
4501,RIFT VALLEY,LAIKIPIA,NYAHURURU,SA7G,30556301,NDURURUMO HIGH SCHOOL,C1,PUBLIC,NONE,BOARDING,Mixed
4503,RIFT VALLEY,LAIKIPIA,NYAHURURU,D2E4,30500020,NJONJO GIRLS HIGH SCHOOL,C1,PUBLIC,NONE,BOARDING,GIRLS
6613,RIFT VALLEY,NAKURU,GILGIL,VCWH,27570207,UASINGISHU,C3,PUBLIC,NONE,BOARDING,GIRLS
6614,RIFT VALLEY,NAKURU,GILGIL,J6BT,27570205,UASINGISHU,C3,PUBLIC,NONE,BOARDING,Mixed
6619,RIFT VALLEY,NAKURU,GILGIL,QDGE,27570234,UASINGISHU,C3,PUBLIC,NONE,BOARDING,GIRLS
6648,RIFT VALLEY,NAKURU,GILGIL,RE74,27500010,UTUMISHI GIRLS ACADEMY,C1,PUBLIC,NONE,BOARDING,GIRLS
6664,RIFT VALLEY,NAKURU,KURESOI NORTH,23FV,27580032,UASINGISHU,C3,PUBLIC,NONE,BOARDING,GIRLS
6697,RIFT VALLEY,NAKURU,KURESOI SOUTH,KT8E,27565404,UASINGISHU,C3,PUBLIC,NONE,BOARDING,Mixed
6699,RIFT VALLEY,NAKURU,KURESOI SOUTH,DXXJ,27565405,UASINGISHU,C3,PUBLIC,NONE,BOARDING,GIRLS
6714,RIFT VALLEY,NAKURU,KURESOI SOUTH,THYU,27565402,UASINGISHU,C3,PUBLIC,NONE,BOARDING,Mixed
6718,RIFT VALLEY,NAKURU,KURESOI SOUTH,XPFF,27565401,UASINGISHU,C3,PUBLIC,NONE,BOARDING,Mixed
6723,RIFT VALLEY,NAKURU,KURESOI SOUTH,S9H4,27565314,UASINGISHU,C3,PUBLIC,NONE,BOARDING,GIRLS
6734,RIFT VALLEY,NAKURU,MOLO,6C48,27538102,ELBURGON SECONDARY SCHOOL,C2,PUBLIC,NONE,BOARDING,Mixed
6739,RIFT VALLEY,NAKURU,MOLO,X77F,27538204,MARY MOUNT SECONDARY SCHOOL,C1,PUBLIC,NONE,BOARDING,GIRLS
6753,RIFT VALLEY,NAKURU,MOLO,R942,27538206,UASINGISHU,C3,PUBLIC,NONE,BOARDING,GIRLS
6762,RIFT VALLEY,NAKURU,NAIVASHA,RTLD,27537319,ENAIPOSHA GIRLS HIGH SCHOOL,C2,PUBLIC,NONE,BOARDING,GIRLS
6769,RIFT VALLEY,NAKURU,NAIVASHA,ACDH,27537502,KIAMBOGO SECONDARY SCHOOL,C2,PUBLIC,NONE,BOARDING,Mixed
6775,RIFT VALLEY,NAKURU,NAIVASHA,7GER,27537505,MAAI-MAHIU GIRLS SECONDARY SCHOOL,C2,PUBLIC,NONE,BOARDING,GIRLS
6788,RIFT VALLEY,NAKURU,NAIVASHA,8KPJ,27537301,NAIVASHA GIRLS SECONDARY SCHOOL,C1,PUBLIC,NONE,BOARDING,GIRLS
6818,RIFT VALLEY,NAKURU,NAKURU EAST,CJQE,27500009,NAKURU GIRLS' HIGH SCHOOL,C1,PUBLIC,NONE,BOARDING,GIRLS
6821,RIFT VALLEY,NAKURU,NAKURU EAST,9WB9,27511533,NGALA SECONDARY SCHOOL FOR THE DEAF,C1,PUBLIC,HI,BOARDING,Mixed
6824,RIFT VALLEY,NAKURU,NAKURU EAST,BX3S,27511544,UASINGISHU,C3,PUBLIC,NONE,BOARDING,GIRLS
6826,RIFT VALLEY,NAKURU,NAKURU NORTH,Q86T,27536203,BAHATI PCEA GIRLS SECONDARY SCHOOL,C2,PUBLIC,NONE,BOARDING,GIRLS
6835,RIFT VALLEY,NAKURU,NAKURU NORTH,4P8C,27536241,JOMO KENYATTA GIRLS HIGH SCHOOL,C2,PUBLIC,NONE,BOARDING,GIRLS
6843,RIFT VALLEY,NAKURU,NAKURU NORTH,K44P,27500007,MOI FORCES ACADEMY LANET,C1,PUBLIC,NONE,BOARDING,GIRLS
6855,RIFT VALLEY,NAKURU,NAKURU NORTH,NGR9,27536202,ST. BAKHITA BAHATI GIRLS SECONDARY SCHOOL,C1,PUBLIC,NONE,BOARDING,GIRLS
6888,RIFT VALLEY,NAKURU,NJORO,6853,27564108,LARMUDIAC SECONDARY SCHOOL,C2,PUBLIC,NONE,BOARDING,Mixed
6906,RIFT VALLEY,NAKURU,NJORO,JH2R,27564102,NJORO GIRLS' SECONDARY SCHOOL,C2,PUBLIC,NONE,BOARDING,GIRLS
6917,RIFT VALLEY,NAKURU,NJORO,4292,27564110,UASINGISHU,C3,PUBLIC,NONE,BOARDING,Mixed
6920,RIFT VALLEY,NAKURU,RONGAI,GD25,27552018,AIC MOROP GIRLS,C2,PUBLIC,NONE,BOARDING,GIRLS
6940,RIFT VALLEY,NAKURU,RONGAI,YXR3,27552032,KIROBON GIRLS SECONDARY SCHOOL,C2,PUBLIC,NONE,BOARDING,GIRLS
6945,RIFT VALLEY,NAKURU,RONGAI,5P5H,27552019,UASINGISHU,C3,PUBLIC,NONE,BOARDING,Mixed
6994,RIFT VALLEY,NANDI,CHESUMEI,FUAU,29579603,UASINGISHU,C3,PUBLIC,NONE,BOARDING,GIRLS
6995,RIFT VALLEY,NANDI,CHESUMEI,NEDL,29579203,UASINGISHU,C3,PUBLIC,NONE,BOARDING,GIRLS
7007,RIFT VALLEY,NANDI,CHESUMEI,T7WD,29579702,ITIGO GIRLS SECONDARY SCHOOL,C2,PUBLIC,NONE,BOARDING,GIRLS
7029,RIFT VALLEY,NANDI,CHESUMEI,Z9Z9,29579803,UASINGISHU,C3,PUBLIC,NONE,BOARDING,GIRLS
7032,RIFT VALLEY,NANDI,CHESUMEI,CF3V,29500025,ST. JOSEPH'S GIRLS - CHEPTERIT,C1,PUBLIC,NONE,BOARDING,GIRLS
7034,RIFT VALLEY,NANDI,CHESUMEI,63SJ,29579303,UASINGISHU,C3,PUBLIC,NONE,BOARDING,GIRLS
7043,RIFT VALLEY,NANDI,NANDI CENTRAL,9CZ8,29513301,UASINGISHU,C3,PUBLIC,NONE,BOARDING,GIRLS
7044,RIFT VALLEY,NANDI,NANDI CENTRAL,XYKU,29513208,UASINGISHU,C3,PUBLIC,NONE,BOARDING,GIRLS
7050,RIFT VALLEY,NANDI,NANDI CENTRAL,FLYA,29513204,HOLY ROSARY GIRLS SECONDARY SCHOOL KOIBEM,C2,PUBLIC,NONE,BOARDING,GIRLS
7054,RIFT VALLEY,NANDI,NANDI CENTRAL,BJPW,29513304,UASINGISHU,C3,PUBLIC,NONE,BOARDING,MIXED
7055,RIFT VALLEY,NANDI,NANDI CENTRAL,YMEL,29513101,KAPSABET  GIRLS,C1,PUBLIC,NONE,BOARDING,GIRLS
7056,RIFT VALLEY,NANDI,NANDI CENTRAL,FN98,29513104,KAPSABET SEC SCHOOL FOR THE DEAF,C1,PUBLIC,HI,BOARDING,MIXED
7065,RIFT VALLEY,NANDI,NANDI CENTRAL,7PJ2,29513308,OUR LADY OF VICTORY KAPNYEBERAI,C2,PUBLIC,NONE,BOARDING,GIRLS
7076,RIFT VALLEY,NANDI,NANDI EAST,PQJ9,29541205,UASINGISHU,C3,PUBLIC,NONE,BOARDING,Mixed
7087,RIFT VALLEY,NANDI,NANDI EAST,JDEX,29541202,OUR LADY OF PEACE GIRLS' SECONDARY SCHOOL,C2,PUBLIC,NONE,BOARDING,GIRLS
7093,RIFT VALLEY,NANDI,NANDI EAST,5VA4,29541103,UASINGISHU,C3,PUBLIC,NONE,BOARDING,GIRLS
7096,RIFT VALLEY,NANDI,NANDI EAST,K7L7,29541204,UASINGISHU,C3,PUBLIC,NONE,BOARDING,GIRLS
7099,RIFT VALLEY,NANDI,NANDI EAST,MJ6L,29541203,UASINGISHU,C3,PUBLIC,NONE,BOARDING,Mixed
7109,RIFT VALLEY,NANDI,NANDI NORTH,L6S6,29540119,UASINGISHU,C3,PUBLIC,NONE,BOARDING,GIRLS
7114,RIFT VALLEY,NANDI,NANDI NORTH,9RH2,29540226,UASINGISHU,C3,PUBLIC,NONE,BOARDING,GIRLS
7117,RIFT VALLEY,NANDI,NANDI NORTH,WF4J,29540102,CHEPTIL SECONDARY SCHOOL,C2,PUBLIC,NONE,BOARDING,Mixed
7118,RIFT VALLEY,NANDI,NANDI NORTH,EBUS,29540107,UASINGISHU,C3,PUBLIC,NONE,BOARDING,GIRLS
7131,RIFT VALLEY,NANDI,NANDI NORTH,T8D6,29540205,NDALAT GAA GIRLS' SECONDARY SCHOOL,C2,PUBLIC,NONE,BOARDING,GIRLS
7148,RIFT VALLEY,NANDI,NANDI NORTH,LCT9,29540203,UASINGISHU,C3,PUBLIC,NONE,BOARDING,GIRLS
7150,RIFT VALLEY,NANDI,NANDI NORTH,ER5K,29540207,UASINGISHU,C3,PUBLIC,NONE,BOARDING,GIRLS
7152,RIFT VALLEY,NANDI,NANDI NORTH,GN5Q,29540104,STEPHEN KOSITANY GIRLS' HIGH SCHOOL,C2,PUBLIC,NONE,BOARDING,GIRLS
7156,RIFT VALLEY,NANDI,NANDI NORTH,43GS,29540204,TULWO GIRLS HIGH SCHOOL,C2,PUBLIC,NONE,BOARDING,GIRLS
7159,RIFT VALLEY,NANDI,NANDI SOUTH,NV4L,29523311,UASINGISHU,C3,PUBLIC,NONE,BOARDING,GIRLS
7165,RIFT VALLEY,NANDI,NANDI SOUTH,46TC,29523307,AIC CHEBISAAS GIRLS SECONDARY SCHOOL,C2,PUBLIC,NONE,BOARDING,GIRLS
7168,RIFT VALLEY,NANDI,NANDI SOUTH,CHCT,29523302,ALDAI GIRLS SECONDARY SCHOOL,C2,PUBLIC,NONE,BOARDING,GIRLS
7170,RIFT VALLEY,NANDI,NANDI SOUTH,LC96,29523112,UASINGISHU,C3,PUBLIC,NONE,BOARDING,Mixed
7176,RIFT VALLEY,NANDI,NANDI SOUTH,YBNJ,29523204,UASINGISHU,C3,PUBLIC,NONE,BOARDING,GIRLS
7182,RIFT VALLEY,NANDI,NANDI SOUTH,6U5T,29523308,KAPKOLEI GIRLS SECONDARY SCHOOL,C2,PUBLIC,NONE,BOARDING,GIRLS
7185,RIFT VALLEY,NANDI,NANDI SOUTH,UYJU,29523102,UASINGISHU,C3,PUBLIC,NONE,BOARDING,Mixed
7189,RIFT VALLEY,NANDI,NANDI SOUTH,UDZY,29523109,UASINGISHU,C3,PUBLIC,NONE,BOARDING,GIRLS
7202,RIFT VALLEY,NANDI,NANDI SOUTH,V3X2,29523114,UASINGISHU,C3,PUBLIC,NONE,BOARDING,GIRLS
7211,RIFT VALLEY,NANDI,TINDERET,GR5K,29542204,UASINGISHU,C3,PUBLIC,NONE,BOARDING,GIRLS
7213,RIFT VALLEY,NANDI,TINDERET,TCJC,29542401,UASINGISHU,C3,PUBLIC,NONE,BOARDING,Mixed
7220,RIFT VALLEY,NANDI,TINDERET,YYAX,29542103,UASINGISHU,C3,PUBLIC,NONE,BOARDING,GIRLS
7227,RIFT VALLEY,NANDI,TINDERET,QDN5,29542403,UASINGISHU,C3,PUBLIC,NONE,BOARDING,GIRLS
7233,RIFT VALLEY,NANDI,TINDERET,FSAY,29542305,UASINGISHU,C3,PUBLIC,NONE,BOARDING,GIRLS
7241,RIFT VALLEY,NANDI,TINDERET,C47G,29542102,ST.MARY'S TACH ASIS GIRLS  SECONDARY SCHOOL,C2,PUBLIC,NONE,BOARDING,GIRLS
7246,RIFT VALLEY,NAROK,NAROK CENTRAL,WHKP,32589203,UASINGISHU,C3,PUBLIC,NONE,BOARDING,MIXED
7251,RIFT VALLEY,NAROK,NAROK CENTRAL,9EYN,32589102,MAASAI GIRLS SEC SCHOOL,C2,PUBLIC,NONE,BOARDING,GIRLS
7254,RIFT VALLEY,NAROK,NAROK CENTRAL,M8KL,32589106,UASINGISHU,C3,PUBLIC,NONE,BOARDING,Mixed
7255,RIFT VALLEY,NAROK,NAROK CENTRAL,RYYK,32589202,UASINGISHU,C3,PUBLIC,NONE,BOARDING,Mixed
7256,RIFT VALLEY,NAROK,NAROK CENTRAL,HHG9,32500015,OLE TIPIS GIRLS HIGH SCHOOL,C1,PUBLIC,VI,BOARDING,GIRLS
7257,RIFT VALLEY,NAROK,NAROK CENTRAL,YXDP,32589201,UASINGISHU,C3,PUBLIC,NONE,BOARDING,Mixed
7258,RIFT VALLEY,NAROK,NAROK CENTRAL,UTCL,32589110,UASINGISHU,C3,PUBLIC,NONE,BOARDING,Mixed
7259,RIFT VALLEY,NAROK,NAROK CENTRAL,EG23,32589103,ST.MARY'S GIRLS SEC SCHOOL,C2,PUBLIC,NONE,BOARDING,GIRLS
7262,RIFT VALLEY,NAROK,NAROK EAST,CAFL,32582101,UASINGISHU,C3,PUBLIC,NONE,BOARDING,Mixed
7264,RIFT VALLEY,NAROK,NAROK EAST,DHJB,32582302,UASINGISHU,C3,PUBLIC,NONE,BOARDING,Mixed
7265,RIFT VALLEY,NAROK,NAROK EAST,V7PD,32582201,UASINGISHU,C3,PUBLIC,NONE,BOARDING,Mixed
7274,RIFT VALLEY,NAROK,NAROK EAST,TCQE,32582304,UASINGISHU,C3,PUBLIC,NONE,BOARDING,GIRLS
7275,RIFT VALLEY,NAROK,NAROK EAST,JBGR,32582402,UASINGISHU,C3,PUBLIC,NONE,BOARDING,GIRLS
7278,RIFT VALLEY,NAROK,NAROK NORTH,KNYV,32516304,UASINGISHU,C3,PUBLIC,NONE,BOARDING,Mixed
7282,RIFT VALLEY,NAROK,NAROK NORTH,UNKW,32516306,UASINGISHU,C3,PUBLIC,NONE,BOARDING,Mixed
7290,RIFT VALLEY,NAROK,NAROK SOUTH,892H,32546407,UASINGISHU,C3,PUBLIC,NONE,BOARDING,GIRLS
7299,RIFT VALLEY,NAROK,NAROK SOUTH,EA7C,32546601,UASINGISHU,C3,PUBLIC,NONE,BOARDING,Mixed
7302,RIFT VALLEY,NAROK,NAROK SOUTH,C5EF,32546301,UASINGISHU,C3,PUBLIC,NONE,BOARDING,Mixed
7305,RIFT VALLEY,NAROK,NAROK SOUTH,VZKS,32546501,UASINGISHU,C3,PUBLIC,NONE,BOARDING,Mixed
7307,RIFT VALLEY,NAROK,NAROK SOUTH,XA2P,32546203,UASINGISHU,C3,PUBLIC,NONE,BOARDING,Mixed
7308,RIFT VALLEY,NAROK,NAROK SOUTH,JBDP,32546408,UASINGISHU,C3,PUBLIC,NONE,BAORDING,GIRLS
7311,RIFT VALLEY,NAROK,NAROK SOUTH,9GTY,32546404,UASINGISHU,C3,PUBLIC,NONE,BOARDING,Mixed
7312,RIFT VALLEY,NAROK,NAROK SOUTH,TDGH,32546303,UASINGISHU,C3,PUBLIC,NONE,BOARDING,Mixed
7315,RIFT VALLEY,NAROK,NAROK SOUTH,9CH4,32546302,UASINGISHU,C3,PUBLIC,NONE,BOARDING,Mixed
7322,RIFT VALLEY,NAROK,NAROK SOUTH,48QW,32546201,UASINGISHU,C3,PUBLIC,NONE,BOARDING,MIXED
7329,RIFT VALLEY,NAROK,NAROK WEST,J8U6,32581202,UASINGISHU,C3,PUBLIC,NONE,BOARDING,Mixed
7333,RIFT VALLEY,NAROK,NAROK WEST,EFAN,32581104,UASINGISHU,C3,PUBLIC,NONE,BOARDING,GIRLS
7339,RIFT VALLEY,NAROK,NAROK WEST,BQ8F,32581201,UASINGISHU,C3,PUBLIC,NONE,BOARDING,Mixed
7340,RIFT VALLEY,NAROK,NAROK WEST,K548,32581309,MOI NAIKARRA GIRLS SECONDARY SCHOOL,C2,PUBLIC,NONE,BOARDING,GIRLS
7341,RIFT VALLEY,NAROK,NAROK WEST,KVCQ,32581301,MOI NAIKARRA SECONDARY SCHOOL,C2,PUBLIC,NONE,BOARDING,Mixed
7342,RIFT VALLEY,NAROK,NAROK WEST,SAEM,32581203,UASINGISHU,C3,PUBLIC,NONE,BOARDING,Mixed
7350,RIFT VALLEY,NAROK,NAROK WEST,SWXN,32581213,OUR LADY QUEEN OF PEACE OLOOMIRANI GIRLS SECONDA,C2,PUBLIC,NONE,BOARDING,GIRLS
7354,RIFT VALLEY,NAROK,NAROK WEST,52S5,32581205,UASINGISHU,C3,PUBLIC,NONE,BOARDING,Mixed
7356,RIFT VALLEY,NAROK,NAROK WEST,2EJW,32581302,UASINGISHU,C3,PUBLIC,NONE,BOARDING,GIRLS
7361,RIFT VALLEY,NAROK,NAROK WEST,EFA3,32581305,UASINGISHU,C3,PUBLIC,NONE,BOARDING,GIRLS
7362,RIFT VALLEY,NAROK,TRANS MARA EAST,MYTK,32560104,UASINGISHU,C3,PUBLIC,NONE,BOARDING,Mixed
7375,RIFT VALLEY,NAROK,TRANS MARA EAST,6F6H,32560204,UASINGISHU,C3,PUBLIC,NONE,BOARDING,GIRLS
7396,RIFT VALLEY,NAROK,TRANS MARA SOUT,6RXJ,32587401,UASINGISHU,C3,PUBLIC,NONE,BOARDING,Mixed
7408,RIFT VALLEY,NAROK,TRANS MARA SOUT,NJLZ,32587202,UASINGISHU,C3,PUBLIC,NONE,BOARDING,GIRLS
7410,RIFT VALLEY,NAROK,TRANS MARA SOUT,YJNM,32587102,UASINGISHU,C3,PUBLIC,NONE,BOARDING,GIRLS
7413,RIFT VALLEY,NAROK,TRANS MARA WEST,T7LZ,32519305,UASINGISHU,C3,PUBLIC,NONE,BOARDING,GIRLS
7416,RIFT VALLEY,NAROK,TRANS MARA WEST,JF3C,32519203,UASINGISHU,C3,PUBLIC,NONE,BOARDING,GIRLS
7421,RIFT VALLEY,NAROK,TRANS MARA WEST,UPWT,32519103,KILGORIS GIRLS SECONDARY SCHOOL,C2,PUBLIC,NONE,BOARDING,GIRLS
7425,RIFT VALLEY,NAROK,TRANS MARA WEST,RUB8,32519302,UASINGISHU,C3,PUBLIC,NONE,BOARDING,Mixed
7428,RIFT VALLEY,NAROK,TRANS MARA WEST,U5LT,32519303,UASINGISHU,C3,PUBLIC,NONE,BOARDING,GIRLS
7429,RIFT VALLEY,NAROK,TRANS MARA WEST,SWXG,32519104,UASINGISHU,C3,PUBLIC,NONE,BOARDING,Mixed
7431,RIFT VALLEY,NAROK,TRANS MARA WEST,63GC,32519204,UASINGISHU,C3,PUBLIC,NONE,BOARDING,MIXED
7434,RIFT VALLEY,NAROK,TRANS MARA WEST,NADU,32519102,UASINGISHU,C3,PUBLIC,NONE,BOARDING,Mixed
8027,RIFT VALLEY,SAMBURU,SAMBURU CENTRA,HTPF,22502204,A I C MOI GIRLS SAMBURU,C2,PUBLIC,NONE,BOARDING,GIRLS
8032,RIFT VALLEY,SAMBURU,SAMBURU CENTRA,3LC3,22500024,KISIMA GIRLS HIGH SCHOOL,C1,PUBLIC,NONE,BOARDING,GIRLS
8050,RIFT VALLEY,SAMBURU,SAMBURU CENTRA,RNBB,22502207,UASINGISHU,C3,PUBLIC,NONE,BOARDING,Mixed
8061,RIFT VALLEY,SAMBURU,SAMBURU EAST,TG37,22526107,UASINGISHU,C3,PUBLIC,NONE,BOARDING,GIRLS
8063,RIFT VALLEY,SAMBURU,SAMBURU EAST,WUWQ,22526204,UASINGISHU,C3,PUBLIC,NONE,BOARDING,GIRLS
8065,RIFT VALLEY,SAMBURU,SAMBURU EAST,PKPU,22526103,WAMBA GIRLS SECONDARY SCHOOL,C2,PUBLIC,NONE,BOARDING,GIRLS
8068,RIFT VALLEY,SAMBURU,SAMBURU NORTH,6NZJ,22527202,BARAGOI GIRLS SECONDARY SCHOOL,C2,PUBLIC,NONE,BOARDING,GIRLS
8078,RIFT VALLEY,SAMBURU,SAMBURU NORTH,DGAZ,22527102,P.C.E.A TUM GIRLS SECONDARY SCHOOL,C2,PUBLIC,NONE,BOARDING,GIRLS
8613,RIFT VALLEY,TRANS NZOIA,ENDEBESS,7FWH,23572205,UASINGISHU,C3,PUBLIC,NONE,BOARDING,Mixed
8624,RIFT VALLEY,TRANS NZOIA,ENDEBESS,8VJL,23572101,UASINGISHU,C3,PUBLIC,NONE,BOARDING,GIRLS
8651,RIFT VALLEY,TRANS NZOIA,KIMININI,5PD3,23574140,KABUYEFWE FRIENDS GIRLS SECONDARY SCHOOL,C2,PUBLIC,NONE,BOARDING,GIRLS
8667,RIFT VALLEY,TRANS NZOIA,KIMININI,WA8B,23574123,UASINGISHU,C3,PUBLIC,NONE,BOARDING,Mixed
8670,RIFT VALLEY,TRANS NZOIA,KIMININI,Q823,23500003,ST BRIGIDS KIMININI,C1,PUBLIC,NONE,BOARDING,GIRLS
8673,RIFT VALLEY,TRANS NZOIA,KIMININI,QHMX,23574122,UASINGISHU,C3,PUBLIC,NONE,BOARDING,Mixed
8682,RIFT VALLEY,TRANS NZOIA,KIMININI,R6JB,23574113,UASINGISHU,C3,PUBLIC,NONE,BOARDING,GIRLS
8696,RIFT VALLEY,TRANS NZOIA,KWANZA,EVUH,23529150,UASINGISHU,C3,PUBLIC,NONE,BOARDING,GIRLS
8699,RIFT VALLEY,TRANS NZOIA,KWANZA,WZCB,23529105,UASINGISHU,C3,PUBLIC,NONE,BOARDING,GIRLS
8703,RIFT VALLEY,TRANS NZOIA,KWANZA,TRVT,23529106,UASINGISHU,C3,PUBLIC,NONE,BOARDING,GIRLS
8711,RIFT VALLEY,TRANS NZOIA,KWANZA,2C5Q,23529118,KWANZA GIRLS HIGH SCHOOL,C2,PUBLIC,NONE,BOARDING,GIRLS
8713,RIFT VALLEY,TRANS NZOIA,KWANZA,T7MN,23529117,UASINGISHU,C3,PUBLIC,NONE,BOARDING,Mixed
8726,RIFT VALLEY,TRANS NZOIA,KWANZA,N7KX,23529131,UASINGISHU,C3,PUBLIC,NONE,BOARDING,GIRLS
8729,RIFT VALLEY,TRANS NZOIA,KWANZA,RVXP,23529141,UASINGISHU,C3,PUBLIC,NONE,BOARDING,GIRLS
8731,RIFT VALLEY,TRANS NZOIA,KWANZA,HNL7,23529122,UASINGISHU,C3,PUBLIC,NONE,BOARDING,GIRLS
8732,RIFT VALLEY,TRANS NZOIA,KWANZA,8TT7,23529132,"ST. MONICA'S GIRLS HIGH SCHOOL, KITALE",C2,PUBLIC,NONE,BOARDING,GIRLS
8741,RIFT VALLEY,TRANS NZOIA,TRANS NZOIA EAST,9XG4,23528216,UASINGISHU,C3,PUBLIC,NONE,BOARDING,GIRLS
8748,RIFT VALLEY,TRANS NZOIA,TRANS NZOIA EAST,RTTF,23528138,UASINGISHU,C3,PUBLIC,NONE,BOARDING,Mixed
8751,RIFT VALLEY,TRANS NZOIA,TRANS NZOIA EAST,M5SW,23528124,BWAKE GIRLS SCHOOL,C2,PUBLIC,NONE,BOARDING,GIRLS
8759,RIFT VALLEY,TRANS NZOIA,TRANS NZOIA EAST,JTYY,23528133,UASINGISHU,C3,PUBLIC,NONE,BOARDING,GIRLS
8761,RIFT VALLEY,TRANS NZOIA,TRANS NZOIA EAST,ZWTZ,23528137,UASINGISHU,C3,PUBLIC,NONE,BOARDING,GIRLS
8765,RIFT VALLEY,TRANS NZOIA,TRANS NZOIA EAST,H5UR,23528103,UASINGISHU,C3,PUBLIC,NONE,BOARDING,Mixed
8783,RIFT VALLEY,TRANS NZOIA,TRANS NZOIA EAST,QJFG,23528118,UASINGISHU,C3,PUBLIC,NONE,BOARDING,Mixed
8784,RIFT VALLEY,TRANS NZOIA,TRANS NZOIA EAST,CDLB,23528214,UASINGISHU,C3,PUBLIC,NONE,BOARDING,GIRLS
8785,RIFT VALLEY,TRANS NZOIA,TRANS NZOIA EAST,RZGG,23528116,ST MARK'S GIRLS CHERANGANI,C2,PUBLIC,NONE,BOARDING,GIRLS
8793,RIFT VALLEY,TRANS NZOIA,TRANS NZOIA EAST,T3DH,23528112,UASINGISHU,C3,PUBLIC,NONE,BOARDING,Mixed
8801,RIFT VALLEY,TRANS NZOIA,TRANS NZOIA EAST,ZHAS,23528206,UASINGISHU,C3,PUBLIC,NONE,BOARDING,GIRLS
8803,RIFT VALLEY,TRANS NZOIA,TRANS NZOIA EAST,B9K4,23528208,UASINGISHU,C3,PUBLIC,NONE,BOARDING,Mixed
8809,RIFT VALLEY,TRANS NZOIA,TRANS NZOIA EAST,MR64,23528107,UASINGISHU,C3,PUBLIC,NONE,BOARDING,GIRLS
8820,RIFT VALLEY,TRANS NZOIA,TRANS NZOIA WEST,6ZK2,23503310,UASINGISHU,C3,PUBLIC,NONE,BOARDING,GIRLS
8822,RIFT VALLEY,TRANS NZOIA,TRANS NZOIA WEST,HXEH,23503110,KITALE SCHOOL-SECONDARY,C2,PUBLIC,NONE,BOARDING,GIRLS
8828,RIFT VALLEY,TRANS NZOIA,TRANS NZOIA WEST,NWDY,23503304,UASINGISHU,C3,PUBLIC,NONE,BOARDING,Mixed
8835,RIFT VALLEY,TRANS NZOIA,TRANS NZOIA WEST,SK5F,23503111,ST JOSEPH'S GIRLS' HIGH SCHOOL KITALE,C2,PUBLIC,NONE,BOARDING,GIRLS
8843,RIFT VALLEY,TRANS NZOIA,TRANS NZOIA WEST,J449,23503302,UASINGISHU,C3,PUBLIC,NONE,BOARDING,Mixed
8856,RIFT VALLEY,TURKANA,AROO,JKZ5,21592401,UASINGISHU,C3,PUBLIC,NONE,BOARDING,MIXED
8860,RIFT VALLEY,TURKANA,AROO,8BQ6,21592302,KATILU GIRLS' SECONDARY SCHOOL,C1,PUBLIC,NONE,BOARDING,GIRLS
8864,RIFT VALLEY,TURKANA,LOIMA,UHYE,21550104,UASINGISHU,C3,PUBLIC,NONE,BOARDING,MIXED
8866,RIFT VALLEY,TURKANA,LOIMA,JQSS,21550105,UASINGISHU,C3,PUBLIC,NONE,BOARDING,GIRLS
8869,RIFT VALLEY,TURKANA,LOIMA,C2JL,21500021,TURKANA GIRLS' SECONDARY SCHOOL,C1,PUBLIC,NONE,BOARDING,GIRLS
8872,RIFT VALLEY,TURKANA,LOKICHOGGIO,JVCH,21588202,UASINGISHU,C3,PUBLIC,NONE,BOARDING,GIRLS
8876,RIFT VALLEY,TURKANA,SUGUTA,VTSB,21591201,UASINGISHU,C3,PUBLIC,NONE,BOARDING,MIXED
8882,RIFT VALLEY,TURKANA,TURKANA CENTRAL,NKJ4,21501106,UASINGISHU,C3,PUBLIC,NONE,BOARDING,GIRLS
8886,RIFT VALLEY,TURKANA,TURKANA CENTRAL,R7RT,21501401,UASINGISHU,C3,PUBLIC,NONE,BOARDING,GIRLS
8892,RIFT VALLEY,TURKANA,TURKANA EAST,F3K2,21548101,AIC KANGITIT GIRLS,C2,PUBLIC,NONE,BOARDING,GIRLS
8894,RIFT VALLEY,TURKANA,TURKANA EAST,SDWD,21548105,UASINGISHU,C3,PUBLIC,NONE,BOARDING,GIRLS
8895,RIFT VALLEY,TURKANA,TURKANA EAST,R92R,21548103,UASINGISHU,C3,PUBLIC,NONE,BOARDING,MIXED
8900,RIFT VALLEY,TURKANA,TURKANA NORTH,BFDX,21524105,UASINGISHU,C3,PUBLIC,NONE,BOARDING,GIRLS
8901,RIFT VALLEY,TURKANA,TURKANA NORTH,U54W,21524102,KATABOI GIRLS SECONDARY SCHOOL,C2,PUBLIC,NONE,BOARDING,GIRLS
8904,RIFT VALLEY,TURKANA,TURKANA NORTH,8KEE,21524106,UASINGISHU,C3,PUBLIC,NONE,BOARDING,GIRLS
8909,RIFT VALLEY,TURKANA,TURKANA SOUTH,4J2M,21525206,UASINGISHU,C3,PUBLIC,NONE,BOARDING,GIRLS
8912,RIFT VALLEY,TURKANA,TURKANA SOUTH,N836,21525202,UHURU GIRLS' HIGH SCHOOL- LOKICHAR,C2,PUBLIC,NONE,BOARDING,GIRLS
8914,RIFT VALLEY,TURKANA,TURKANA WEST,JDJF,21549109,UASINGISHU,C3,PUBLIC,NONE,BOARDING,MIXED
8915,RIFT VALLEY,TURKANA,TURKANA WEST,NNH8,21549102,OUR LADY'S GIRLS SECONDARY KAKUMA,C2,PUBLIC,NONE,BOARDING,GIRLS
8917,RIFT VALLEY,TURKANA,TURKANA WEST,ACQB,21549104,UASINGISHU,C3,PUBLIC,NONE,BOARDING,MIXED
8922,RIFT VALLEY,UASIN GISHU,AINABKOI,UBJP,26534115,UASINGISHU,C3,PUBLIC,NONE,BOARDING,GIRLS
8927,RIFT VALLEY,UASIN GISHU,AINABKOI,G7EK,26534117,UASINGISHU,C3,PUBLIC,NONE,BOARDING,GIRLS
8930,RIFT VALLEY,UASIN GISHU,AINABKOI,AS2S,26534118,DRYS GIRLS SECONDARY SCHOOL,C2,PUBLIC,NONE,BOARDING,GIRLS
8936,RIFT VALLEY,UASIN GISHU,AINABKOI,LVR8,26500001,MOI GIRLS' HIGH SCHOOL- ELDORET,C1,PUBLIC,NONE,BOARDING,GIRLS
8938,RIFT VALLEY,UASIN GISHU,AINABKOI,SE5P,26534107,PLATEAU SECONDARY SCHOOL,C2,PUBLIC,NONE,BOARDING,GIRLS
8942,RIFT VALLEY,UASIN GISHU,AINABKOI,22WA,26534124,RURIGI SECONDARY SCHOOL,C2,PUBLIC,NONE,BOARDING,Mixed
8961,RIFT VALLEY,UASIN GISHU,KAPSERET,GAMM,26535111,NGERIA SECONDARY SCHOOL,C2,PUBLIC,NONE,BOARDING,GIRLS
8964,RIFT VALLEY,UASIN GISHU,KAPSERET,LHZC,26535101,UASINGISHU,C3,PUBLIC,NONE,BOARDING,GIRLS
8966,RIFT VALLEY,UASIN GISHU,KAPSERET,8GL9,26535110,UASINGISHU,C3,PUBLIC,NONE,BOARDING,MIXED
8981,RIFT VALLEY,UASIN GISHU,KESSES,WPEN,26578001,HILL SCHOOL - ELDORET,C2,PUBLIC,NONE,BOARDING,GIRLS
8983,RIFT VALLEY,UASIN GISHU,KESSES,QTRW,26578009,KAPKOIGA GIRLS SECONDARY SCHOOL,C2,PUBLIC,NONE,BOARDING,GIRLS
9004,RIFT VALLEY,UASIN GISHU,KESSES,467Z,26578007,ST CATHERINE GIRLS SECONDARY SCHOOL,C2,PUBLIC,NONE,BOARDING,GIRLS
9026,RIFT VALLEY,UASIN GISHU,MOIBEN,XQ8N,26577117,SEKO GIRLS SECONDARY SCHOOL,C2,PUBLIC,NONE,BOARDING,GIRLS
9029,RIFT VALLEY,UASIN GISHU,MOIBEN,RUUN,26577131,UASINGISHU,C3,PUBLIC,NONE,BOARDING,GIRLS
9031,RIFT VALLEY,UASIN GISHU,MOIBEN,SCQP,26577105,UASINGISHU,C3,PUBLIC,NONE,BOARDING,Mixed
9059,RIFT VALLEY,UASIN GISHU,SOY,XR9H,26576103,KEROTET GIRLS SECONDARY SCHOOL,C2,PUBLIC,NONE,BOARDING,GIRLS
9061,RIFT VALLEY,UASIN GISHU,SOY,BCTX,26576106,UASINGISHU,C3,PUBLIC,NONE,BOARDING,Mixed
9068,RIFT VALLEY,UASIN GISHU,SOY,ZYSN,26576117,"LORETO HIGH SCHOOL, MATUNDA",C2,PUBLIC,NONE,BOARDING,GIRLS
9077,RIFT VALLEY,UASIN GISHU,SOY,25GN,26576112,UASINGISHU,C3,PUBLIC,NONE,BOARDING,Mixed
9088,RIFT VALLEY,UASIN GISHU,TURBO,RN3F,26509141,UASINGISHU,C3,PUBLIC,NONE,BOARDING,GIRLS
9098,RIFT VALLEY,UASIN GISHU,TURBO,VBMU,26509112,KAMAGUT HIGH SCHOOL,C2,PUBLIC,NONE,BOARDING,Mixed
9100,RIFT VALLEY,UASIN GISHU,TURBO,M6GN,26509109,UASINGISHU,C3,PUBLIC,NONE,BOARDING,Mixed
9117,RIFT VALLEY,UASIN GISHU,TURBO,CR75,26509117,SUGOI GIRLS SECONDARY SCHOOL,C2,PUBLIC,NONE,BOARDING,GIRLS
9119,RIFT VALLEY,UASIN GISHU,TURBO,FLKV,26509111,TURBO GIRLS SECONDARY SCHOOL,C2,PUBLIC,NONE,BOARDING,GIRLS
9369,RIFT VALLEY,WEST POKOT,KACHELIBA,QQRR,24585104,ST BAKHITA GIRLS SECONDARY SCHOOL-KARON,C2,PUBLIC,NONE,BAORDING,GIRLS
9376,RIFT VALLEY,WEST POKOT,KIPKOMO,YASS,24504202,HOLY ROSARY GIRLS HIGH SCHOOL,C2,PUBLIC,NONE,BOARDING,GIRLS
9390,RIFT VALLEY,WEST POKOT,KIPKOMO,7BTF,24504104,UASINGISHU,C3,PUBLIC,NONE,BOARDING,GIRLS
9403,RIFT VALLEY,WEST POKOT,KIPKOMO,AWXN,24504101,ST. CECILIA GIRLS SECONDARY SCHOOL-CHEPARERIA,C2,PUBLIC,NONE,BOARDING,GIRLS
9404,RIFT VALLEY,WEST POKOT,KIPKOMO,MWS3,24504204,UASINGISHU,C3,PUBLIC,NONE,BOARDING,GIRLS
9409,RIFT VALLEY,WEST POKOT,KIPKOMO,H7KR,24504105,UASINGISHU,C3,PUBLIC,NONE,BOARDING,GIRLS
9411,RIFT VALLEY,WEST POKOT,KIPKOMO,3D3W,24504115,UASINGISHU,C3,PUBLIC,NONE,BOARDING,GIRLS
9412,RIFT VALLEY,WEST POKOT,KIPKOMO,3JBX,24504106,ST. STEPHEN LAIKONG GIRLS SECONDARY SCHOOL,C2,PUBLIC,NONE,BOARDING,GIRLS
9419,RIFT VALLEY,WEST POKOT,NORTH POKOT,HCDT,24530202,UASINGISHU,C3,PUBLIC,NONE,BOARDING,GIRLS
9432,RIFT VALLEY,WEST POKOT,NORTH POKOT,39P3,24530203,UASINGISHU,C3,PUBLIC,NONE,BOARDING,GIRLS
9437,RIFT VALLEY,WEST POKOT,POKOT CENTRAL,VCS5,24531204,UASINGISHU,C3,PUBLIC,NONE,BOARDING,MIXED
9438,RIFT VALLEY,WEST POKOT,POKOT CENTRAL,5ACW,24531103,UASINGISHU,C3,PUBLIC,NONE,BOARDING,MIXED
9441,RIFT VALLEY,WEST POKOT,POKOT CENTRAL,UK7Y,24531205,UASINGISHU,C3,PUBLIC,NONE,BOARDING,GIRLS
9443,RIFT VALLEY,WEST POKOT,POKOT CENTRAL,H3KA,24531201,UASINGISHU,C3,PUBLIC,NONE,BOARDING,GIRLS
9447,RIFT VALLEY,WEST POKOT,POKOT CENTRAL,26M4,24531102,UASINGISHU,C3,PUBLIC,NONE,BOARDING,GIRLS
9451,RIFT VALLEY,WEST POKOT,POKOT CENTRAL,4P8S,24531203,UASINGISHU,C3,PUBLIC,NONE,BOARDING,MIXED
9452,RIFT VALLEY,WEST POKOT,POKOT CENTRAL,MQGD,24531111,UASINGISHU,C3,PUBLIC,NONE,BOARDING,MIXED
9453,RIFT VALLEY,WEST POKOT,POKOT CENTRAL,ZTVQ,24531108,UASINGISHU,C3,PUBLIC,NONE,BOARDING,GIRLS
9461,RIFT VALLEY,WEST POKOT,POKOT CENTRAL,A7NF,24531206,UASINGISHU,C3,PUBLIC,NONE,BOARDING,MIXED
9462,RIFT VALLEY,WEST POKOT,POKOT CENTRAL,MJSK,24531105,UASINGISHU,C3,PUBLIC,NONE,BOARDING,MIXED
9476,RIFT VALLEY,WEST POKOT,POKOT SOUTH,H7RR,24568201,UASINGISHU,C3,PUBLIC,NONE,BOARDING,MIXED
9487,RIFT VALLEY,WEST POKOT,POKOT SOUTH,L4G2,24568101,UASINGISHU,C3,PUBLIC,NONE,BOARDING,GIRLS
9524,RIFT VALLEY,WEST POKOT,WEST POKOT,W3AG,24505301,UASINGISHU,C3,PUBLIC,NONE,BOARDING,Mixed
9526,RIFT VALLEY,WEST POKOT,WEST POKOT,T3DB,24505303,UASINGISHU,C3,PUBLIC,NONE,BOARDING,GIRLS
9527,RIFT VALLEY,WEST POKOT,WEST POKOT,7ZCM,24505407,UASINGISHU,C3,PUBLIC,NONE,BOARDING,GIRLS
9529,RIFT VALLEY,WEST POKOT,WEST POKOT,QV6Z,24505306,UASINGISHU,C3,PUBLIC,NONE,BOARDING,Mixed
9531,RIFT VALLEY,WEST POKOT,WEST POKOT,24A3,24505305,UASINGISHU,C3,PUBLIC,NONE,BOARDING,GIRLS
9546,RIFT VALLEY,WEST POKOT,WEST POKOT,TAGT,24505102,NASOKOL GIRLS SECONDARY SCHOOL,C1,PUBLIC,NONE,BOARDING,GIRLS
9555,RIFT VALLEY,WEST POKOT,WEST POKOT,L53E,24505402,UASINGISHU,C3,PUBLIC,NONE,BOARDING,GIRLS
9556,RIFT VALLEY,WEST POKOT,WEST POKOT,PHVL,24505117,ST. FRANCIS SECONDARY SCHOOL FOR THE VISUALLY IMPA,C1,PUBLIC,VI,BOARDING,Mixed
9564,RIFT VALLEY,WEST POKOT,WEST POKOT,M4YT,24500004,ST.THERESA'S TARTAR GIRLS SECONDARY SCHOOL,C1,PUBLIC,NONE,BOARDING,GIRLS
